{
  "index-version" : 2,
  "files" : [
    {
      "filename" : "Organization-Organization-example-f001-burgers.json",
      "resourceType" : "Organization",
      "id" : "Organization-example-f001-burgers"
    },
    {
      "filename" : "Patient-HL7ATCorePatientCreateTestExample.json",
      "resourceType" : "Patient",
      "id" : "HL7ATCorePatientCreateTestExample"
    },
    {
      "filename" : "Patient-HL7ATCorePatientExample01.json",
      "resourceType" : "Patient",
      "id" : "HL7ATCorePatientExample01"
    },
    {
      "filename" : "Patient-HL7ATCorePatientExample02-deceasedTime.json",
      "resourceType" : "Patient",
      "id" : "HL7ATCorePatientExample02-deceasedTime"
    },
    {
      "filename" : "Patient-HL7ATCorePatientExample03-deceasedBoolean.json",
      "resourceType" : "Patient",
      "id" : "HL7ATCorePatientExample03-deceasedBoolean"
    },
    {
      "filename" : "Patient-HL7ATCorePatientExample04-Full.json",
      "resourceType" : "Patient",
      "id" : "HL7ATCorePatientExample04-Full"
    },
    {
      "filename" : "Patient-HL7ATCorePatientExample05-FullElga.json",
      "resourceType" : "Patient",
      "id" : "HL7ATCorePatientExample05-FullElga"
    },
    {
      "filename" : "Patient-HL7ATCorePatientExample06-GenderExtension.json",
      "resourceType" : "Patient",
      "id" : "HL7ATCorePatientExample06-GenderExtension"
    },
    {
      "filename" : "Patient-HL7ATCorePatientUpdateTestExample.json",
      "resourceType" : "Patient",
      "id" : "HL7ATCorePatientUpdateTestExample"
    }
  ]
}
