{"resourceType":"Organization","id":"Organization-example-f001-burgers","text":{"status":"generated","div":"<div xmlns=\"http://www.w3.org/1999/xhtml\"><p><b>Generated Narrative: Organization</b><a name=\"Organization-example-f001-burgers\"> </a></p><div style=\"display: inline-block; background-color: #d9e0e7; padding: 6px; margin: 4px; border: 1px solid #8da1b4; border-radius: 5px; line-height: 60%\"><p style=\"margin-bottom: 0px\">Resource Organization &quot;Organization-example-f001-burgers&quot; </p></div><p><b>identifier</b>: <code>urn:oid:2.16.528.1</code>/91654\u00a0(use:\u00a0OFFICIAL), <code>urn:oid:2.16.840.1.113883.2.4.6.1</code>/17-0112278\u00a0(use:\u00a0USUAL)</p><p><b>type</b>: University Medical Hospital <span style=\"background: LightGoldenRodYellow; margin: 4px; border: 1px solid khaki\"> (unknown#V6)</span>, Healthcare Provider <span style=\"background: LightGoldenRodYellow; margin: 4px; border: 1px solid khaki\"> (<a href=\"http://terminology.hl7.org/5.3.0/CodeSystem-organization-type.html\">Organization type</a>#prov)</span></p><p><b>name</b>: Burgers University Medical Center</p><p><b>telecom</b>: ph: 022-655 2300(WORK)</p><p><b>address</b>: </p><ul><li>Galapagosweg 91 Den Burg 9105 PZ NLD (WORK)</li><li>PO Box 2311 Den Burg 9100 AA NLD (WORK)</li></ul><blockquote><p><b>contact</b></p><p><b>purpose</b>: Press <span style=\"background: LightGoldenRodYellow; margin: 4px; border: 1px solid khaki\"> (<a href=\"http://terminology.hl7.org/5.3.0/CodeSystem-contactentity-type.html\">Contact entity type</a>#PRESS)</span></p><p><b>telecom</b>: ph: 022-655 2334</p></blockquote><blockquote><p><b>contact</b></p><p><b>purpose</b>: Patient <span style=\"background: LightGoldenRodYellow; margin: 4px; border: 1px solid khaki\"> (<a href=\"http://terminology.hl7.org/5.3.0/CodeSystem-contactentity-type.html\">Contact entity type</a>#PATINF)</span></p><p><b>telecom</b>: ph: 022-655 2335</p></blockquote></div>"},"identifier":[{"use":"official","system":"urn:oid:2.16.528.1","value":"91654"},{"use":"usual","system":"urn:oid:2.16.840.1.113883.2.4.6.1","value":"17-0112278"}],"type":[{"coding":[{"system":"urn:oid:2.16.840.1.113883.2.4.15.1060","code":"V6","display":"University Medical Hospital"}]},{"coding":[{"system":"http://terminology.hl7.org/CodeSystem/organization-type","code":"prov","display":"Healthcare Provider"}]}],"name":"Burgers University Medical Center","telecom":[{"system":"phone","value":"022-655 2300","use":"work"}],"address":[{"use":"work","line":["Galapagosweg 91"],"city":"Den Burg","postalCode":"9105 PZ","country":"NLD"},{"use":"work","line":["PO Box 2311"],"city":"Den Burg","postalCode":"9100 AA","country":"NLD"}],"contact":[{"purpose":{"coding":[{"system":"http://terminology.hl7.org/CodeSystem/contactentity-type","code":"PRESS"}]},"telecom":[{"system":"phone","value":"022-655 2334"}]},{"purpose":{"coding":[{"system":"http://terminology.hl7.org/CodeSystem/contactentity-type","code":"PATINF"}]},"telecom":[{"system":"phone","value":"022-655 2335"}]}]}