{"resourceType":"Patient","id":"HL7ATCorePatientExample02-deceasedTime","meta":{"profile":["http://hl7.at/fhir/HL7ATCoreProfiles/4.0.1/StructureDefinition/at-core-patient"]},"text":{"status":"generated","div":"<div xmlns=\"http://www.w3.org/1999/xhtml\"><p style=\"border: 1px #661aff solid; background-color: #e6e6ff; padding: 10px;\"><b>Muster Andreas Bauer </b> male, DoB: 1990-12-24 ( Social Security Number/1111241261\u00a0(use:\u00a0OFFICIAL))</p><hr/><table class=\"grid\"><tr><td style=\"background-color: #f3f5da\" title=\"Known status of Patient\">Deceased:</td><td>2019-01-14 17:22:00+1000</td><td style=\"background-color: #f3f5da\" title=\"Known Marital status of Patient\">Marital Status:</td><td colspan=\"3\"><span title=\"Codes: {http://terminology.hl7.org/CodeSystem/v3-MaritalStatus M}\">Married</span></td></tr><tr><td style=\"background-color: #f3f5da\" title=\"Other Ids (see the one above)\">Other Ids:</td><td colspan=\"3\"><ul><li>National unique individual identifier/GH:oeLdSEb0l+8kSdJWjOYyYmnYki0\u00a0(use:\u00a0OFFICIAL)</li><li>Patient internal identifier/0815\u00a0(use:\u00a0OFFICIAL)</li></ul></td></tr><tr><td style=\"background-color: #f3f5da\" title=\"Ways to contact the Patient\">Contact Details:</td><td colspan=\"3\"><ul><li><a href=\"tel:+43.2682.40400\">+43.2682.40400</a></li><li>Berggasse 13a Eisenstadt Burgenland 7000 AUT (HOME)</li></ul></td></tr><tr><td style=\"background-color: #f3f5da\" title=\"Languages spoken\">Language:</td><td colspan=\"3\"><span title=\"Codes: {urn:ietf:bcp:47 de}\">German</span> (preferred)</td></tr></table></div>"},"identifier":[{"use":"official","type":{"coding":[{"system":"http://terminology.hl7.org/CodeSystem/v2-0203","code":"SS","display":"Social Security Number"}]},"system":"urn:oid:1.2.40.0.10.1.4.3.1","value":"1111241261","assigner":{"display":"Dachverband der österreichischen Sozialversicherungsträger"}},{"use":"official","type":{"coding":[{"system":"http://terminology.hl7.org/CodeSystem/v2-0203","code":"NI","display":"National unique individual identifier"}]},"system":"urn:oid:1.2.40.0.10.2.1.1.149","value":"GH:oeLdSEb0l+8kSdJWjOYyYmnYki0","assigner":{"display":"Bundesministerium für Inneres"}},{"use":"official","type":{"coding":[{"system":"http://terminology.hl7.org/CodeSystem/v2-0203","code":"PI","display":"Patient internal identifier"}]},"system":"urn:oid:1.2.3.4.5","value":"0815","assigner":{"display":"Ein GDA in Österreich"}}],"name":[{"family":"Bauer","given":["Muster","Andreas"],"prefix":["Dipl.Ing.","Dr."]}],"telecom":[{"system":"phone","value":"+43.2682.40400","use":"home"}],"gender":"male","birthDate":"1990-12-24","deceasedDateTime":"2019-01-14T17:22:00+10:00","address":[{"use":"home","line":["Berggasse 13a"],"city":"Eisenstadt","state":"Burgenland","postalCode":"7000","country":"AUT"}],"maritalStatus":{"coding":[{"system":"http://terminology.hl7.org/CodeSystem/v3-MaritalStatus","code":"M","display":"Married"}]},"communication":[{"language":{"coding":[{"system":"urn:ietf:bcp:47","code":"de"}]},"preferred":true}]}