{"resourceType":"Patient","id":"HL7ATCorePatientExample01","meta":{"profile":["http://hl7.at/fhir/HL7ATCoreProfiles/4.0.1/StructureDefinition/at-core-patient"]},"text":{"status":"generated","div":"<div xmlns=\"http://www.w3.org/1999/xhtml\"><p style=\"border: 1px #661aff solid; background-color: #e6e6ff; padding: 10px;\"><b>Max Mustermann </b> male, DoB: 1900-01-01 ( Social Security Number/1234010100)</p><hr/><table class=\"grid\"><tr><td style=\"background-color: #f3f5da\" title=\"Other Ids (see the one above)\">Other Ids:</td><td colspan=\"3\"><ul><li>National unique individual identifier/GH:oeLdSEb0l+8kSdJWjOYyYmnYki0=</li><li>Patient internal identifier/0815</li></ul></td></tr><tr><td style=\"background-color: #f3f5da\" title=\"Ways to contact the Patient\">Contact Details:</td><td colspan=\"3\"><ul><li><a href=\"mailto:office@hl7.at\">office@hl7.at</a></li><li><a href=\"tel:+436501234567890\">+436501234567890</a></li><li>Landstrasse 1 Stock 9 Tür 42 Linz Oberösterreich 4020 AUT (HOME)</li></ul></td></tr><tr><td style=\"background-color: #f3f5da\" title=\"HL7® Austria FHIR® Core Extension for the religion (registered in Austria) of a patient.\r\nThe extension is used to encode the religious confession of a patient (only confessions registered in Austria). Furthermore, it uses the official [HL7 AT CodeSystem](https://termpub.gesundheit.gv.at:443/TermBrowser/gui/main/main.zul?loadType=CodeSystem&amp;loadName=HL7 AT ReligionAustria) for religion and is therefore aligned with the ELGA ValueSet, respectively.\">Patient Religion:</td><td colspan=\"3\"><ul><li>code: <span title=\"Codes: {http://hl7.at/fhir/HL7ATCoreProfiles/4.0.1/CodeSystem/at-core-cs-religion 162}\">Pastafarianismus</span></li></ul></td></tr><tr><td style=\"background-color: #f3f5da\" title=\"The patient's legal status as citizen of a country.\">citizenship:</td><td colspan=\"3\"><ul><li>code: <span title=\"Codes: {http://hl7.at/fhir/HL7ATCoreProfiles/4.0.1/CodeSystem/at-core-cs-iso-3166-1-alpha-3 AUT}\">Österreich</span></li></ul></td></tr></table></div>"},"extension":[{"extension":[{"url":"code","valueCodeableConcept":{"coding":[{"system":"http://hl7.at/fhir/HL7ATCoreProfiles/4.0.1/CodeSystem/at-core-cs-religion","code":"162","display":"Pastafarianismus"}]}}],"url":"http://hl7.at/fhir/HL7ATCoreProfiles/4.0.1/StructureDefinition/at-core-ext-patient-religion"},{"extension":[{"url":"code","valueCodeableConcept":{"coding":[{"system":"http://hl7.at/fhir/HL7ATCoreProfiles/4.0.1/CodeSystem/at-core-cs-iso-3166-1-alpha-3","code":"AUT","display":"Österreich"}]}}],"url":"http://hl7.org/fhir/StructureDefinition/patient-citizenship"}],"identifier":[{"type":{"coding":[{"system":"http://terminology.hl7.org/CodeSystem/v2-0203","code":"SS","display":"Social Security Number"}]},"system":"urn:oid:1.2.40.0.10.1.4.3.1","value":"1234010100","assigner":{"display":"Dachverband der österreichischen Sozialversicherungsträger"}},{"type":{"coding":[{"system":"http://terminology.hl7.org/CodeSystem/v2-0203","code":"NI","display":"National unique individual identifier"}]},"system":"urn:oid:1.2.40.0.10.2.1.1.149","value":"GH:oeLdSEb0l+8kSdJWjOYyYmnYki0=","assigner":{"display":"Bundesministerium für Inneres"}},{"type":{"coding":[{"system":"http://terminology.hl7.org/CodeSystem/v2-0203","code":"PI","display":"Patient internal identifier"}]},"system":"urn:oid:1.2.3.4.5","value":"0815","assigner":{"display":"Ein GDA in Österreich"}}],"name":[{"family":"Mustermann","given":["Max"],"prefix":["DI"]}],"telecom":[{"system":"email","value":"office@hl7.at","use":"work"},{"system":"phone","value":"+436501234567890","use":"home"}],"gender":"male","birthDate":"1900-01-01","address":[{"use":"home","type":"both","line":["Landstrasse 1 Stock 9 Tür 42"],"_line":[{"extension":[{"url":"http://hl7.org/fhir/StructureDefinition/iso21090-ADXP-streetName","valueString":"Landstrasse"},{"url":"http://hl7.org/fhir/StructureDefinition/iso21090-ADXP-houseNumber","valueString":"1"},{"url":"http://hl7.org/fhir/StructureDefinition/iso21090-ADXP-additionalLocator","valueString":"Stock 9 Tür 42"},{"url":"http://hl7.at/fhir/HL7ATCoreProfiles/4.0.1/StructureDefinition/at-core-ext-address-additionalInformation","valueString":"Lift vorhanden"}]}],"city":"Linz","state":"Oberösterreich","postalCode":"4020","country":"AUT"}]}