{"resourceType":"Patient","id":"HL7ATCorePatientExample03-deceasedBoolean","meta":{"profile":["http://hl7.at/fhir/HL7ATCoreProfiles/4.0.1/StructureDefinition/at-core-patient"]},"text":{"status":"generated","div":"<div xmlns=\"http://www.w3.org/1999/xhtml\"><p style=\"border: 1px #661aff solid; background-color: #e6e6ff; padding: 10px;\"><b>Muster Andreas Bucher </b> male, DoB: 1990-12-24 ( Social Security Number/1111241261\u00a0(use:\u00a0USUAL))</p><hr/><table class=\"grid\"><tr><td style=\"background-color: #f3f5da\" title=\"Known status of Patient\">Deceased:</td><td>true</td><td style=\"background-color: #f3f5da\" title=\"Known Marital status of Patient\">Marital Status:</td><td colspan=\"3\"><span title=\"Codes: {http://terminology.hl7.org/CodeSystem/v3-MaritalStatus M}\">Married</span></td></tr><tr><td style=\"background-color: #f3f5da\" title=\"Ways to contact the Patient\">Contact Details:</td><td colspan=\"3\"><ul><li><a href=\"tel:+43.2682.40400\">+43.2682.40400</a></li><li>Berggasse 13a Eisenstadt Burgenland 7000 AUT (HOME)</li></ul></td></tr><tr><td style=\"background-color: #f3f5da\" title=\"Languages spoken\">Language:</td><td colspan=\"3\"><span title=\"Codes: {urn:ietf:bcp:47 de}\">German</span> (preferred)</td></tr></table></div>"},"identifier":[{"use":"usual","type":{"coding":[{"system":"http://terminology.hl7.org/CodeSystem/v2-0203","code":"SS","display":"Social Security Number"}]},"system":"urn:oid:1.2.40.0.10.1.4.3.1","value":"1111241261","assigner":{"display":"Dachverband der österreichischen Sozialversicherungsträger"}}],"name":[{"family":"Bucher","given":["Muster","Andreas"],"prefix":["Dipl.Ing.","Dr."]}],"telecom":[{"system":"phone","value":"+43.2682.40400","use":"home"}],"gender":"male","birthDate":"1990-12-24","deceasedBoolean":true,"address":[{"use":"home","line":["Berggasse 13a"],"city":"Eisenstadt","state":"Burgenland","postalCode":"7000","country":"AUT"}],"maritalStatus":{"coding":[{"system":"http://terminology.hl7.org/CodeSystem/v3-MaritalStatus","code":"M","display":"Married"}]},"communication":[{"language":{"coding":[{"system":"urn:ietf:bcp:47","code":"de"}]},"preferred":true}]}