{
  "index-version" : 2,
  "files" : [
    {
      "filename" : "CapabilityStatement-HL7ATCoreCapabilities.json",
      "resourceType" : "CapabilityStatement",
      "id" : "HL7ATCoreCapabilities",
      "url" : "http://hl7.at/fhir/HL7ATCoreProfiles/4.0.1/CapabilityStatement/HL7ATCoreCapabilities",
      "version" : "1.1.0",
      "kind" : "requirements"
    },
    {
      "filename" : "ImplementationGuide-HL7ATCoreProfiles.json",
      "resourceType" : "ImplementationGuide",
      "id" : "HL7ATCoreProfiles",
      "url" : "http://hl7.at/fhir/HL7ATCoreProfiles/4.0.1/ImplementationGuide/HL7ATCoreProfiles",
      "version" : "1.1.0"
    },
    {
      "filename" : "StructureDefinition-at-core-address.json",
      "resourceType" : "StructureDefinition",
      "id" : "at-core-address",
      "url" : "http://hl7.at/fhir/HL7ATCoreProfiles/4.0.1/StructureDefinition/at-core-address",
      "version" : "1.1.0",
      "kind" : "complex-type",
      "type" : "Address",
      "derivation" : "constraint"
    },
    {
      "filename" : "StructureDefinition-at-core-ext-address-additionalInformation.json",
      "resourceType" : "StructureDefinition",
      "id" : "at-core-ext-address-additionalInformation",
      "url" : "http://hl7.at/fhir/HL7ATCoreProfiles/4.0.1/StructureDefinition/at-core-ext-address-additionalInformation",
      "version" : "1.1.0",
      "kind" : "complex-type",
      "type" : "Extension",
      "derivation" : "constraint"
    },
    {
      "filename" : "StructureDefinition-at-core-ext-gender-administrativeGenderAddition.json",
      "resourceType" : "StructureDefinition",
      "id" : "at-core-ext-gender-administrativeGenderAddition",
      "url" : "http://hl7.at/fhir/HL7ATCoreProfiles/4.0.1/StructureDefinition/at-core-ext-gender-administrativeGenderAddition",
      "version" : "1.1.0",
      "kind" : "complex-type",
      "type" : "Extension",
      "derivation" : "constraint"
    },
    {
      "filename" : "StructureDefinition-at-core-ext-patient-religion.json",
      "resourceType" : "StructureDefinition",
      "id" : "at-core-ext-patient-religion",
      "url" : "http://hl7.at/fhir/HL7ATCoreProfiles/4.0.1/StructureDefinition/at-core-ext-patient-religion",
      "version" : "1.1.0",
      "kind" : "complex-type",
      "type" : "Extension",
      "derivation" : "constraint"
    },
    {
      "filename" : "StructureDefinition-at-core-ext-valueset-systemoid.json",
      "resourceType" : "StructureDefinition",
      "id" : "at-core-ext-valueset-systemoid",
      "url" : "http://hl7.at/fhir/HL7ATCoreProfiles/4.0.1/StructureDefinition/at-core-ext-valueset-systemoid",
      "version" : "1.1.0",
      "kind" : "complex-type",
      "type" : "Extension",
      "derivation" : "constraint"
    },
    {
      "filename" : "StructureDefinition-at-core-patient.json",
      "resourceType" : "StructureDefinition",
      "id" : "at-core-patient",
      "url" : "http://hl7.at/fhir/HL7ATCoreProfiles/4.0.1/StructureDefinition/at-core-patient",
      "version" : "1.1.0",
      "kind" : "resource",
      "type" : "Patient",
      "derivation" : "constraint"
    },
    {
      "filename" : "StructureDefinition-at-core-valueset.json",
      "resourceType" : "StructureDefinition",
      "id" : "at-core-valueset",
      "url" : "http://hl7.at/fhir/HL7ATCoreProfiles/4.0.1/StructureDefinition/at-core-valueset",
      "version" : "1.1.0",
      "kind" : "resource",
      "type" : "ValueSet",
      "derivation" : "constraint"
    },
    {
      "filename" : "TestScript-testscript-patient-create-at-core.json",
      "resourceType" : "TestScript",
      "id" : "testscript-patient-create-at-core",
      "url" : "http://hl7.at/fhir/HL7ATCoreProfiles/4.0.1/TestScript/testscript-patient-create-at-core",
      "version" : "1.1.0"
    },
    {
      "filename" : "TestScript-testscript-patient-interaction-at-core.json",
      "resourceType" : "TestScript",
      "id" : "testscript-patient-interaction-at-core",
      "url" : "http://hl7.at/fhir/HL7ATCoreProfiles/4.0.1/TestScript/testscript-patient-interaction-at-core",
      "version" : "1.1.0"
    },
    {
      "filename" : "TestScript-testscript-patient-search01-at-core.json",
      "resourceType" : "TestScript",
      "id" : "testscript-patient-search01-at-core",
      "url" : "http://wildfhir4.aegis.net/fhir4-0-1/TestScript/at-core-patient-search1-json",
      "version" : "1.1.0"
    },
    {
      "filename" : "TestScript-testscript-patient-update-at-core.json",
      "resourceType" : "TestScript",
      "id" : "testscript-patient-update-at-core",
      "url" : "http://hl7.at/fhir/HL7ATCoreProfiles/4.0.1/TestScript/testscript-patient-update-at-core",
      "version" : "1.1.0"
    }
  ]
}
