{"resourceType":"TestScript","id":"testscript-patient-search01-at-core","meta":{"profile":["http://touchstone.aegis.net/touchstone/fhir/testing/StructureDefinition/testscript"]},"text":{"status":"generated","div":"<div xmlns=\"http://www.w3.org/1999/xhtml\"><p><b>Generated Narrative: TestScript</b><a name=\"testscript-patient-search01-at-core\"> </a></p><div style=\"display: inline-block; background-color: #d9e0e7; padding: 6px; margin: 4px; border: 1px solid #8da1b4; border-radius: 5px; line-height: 60%\"><p style=\"margin-bottom: 0px\">Resource TestScript &quot;testscript-patient-search01-at-core&quot; </p><p style=\"margin-bottom: 0px\">Profile: <code>http://touchstone.aegis.net/touchstone/fhir/testing/StructureDefinition/testscript</code></p></div><p><b>url</b>: <code>http://wildfhir4.aegis.net/fhir4-0-1/TestScript/at-core-patient-search1-json</code></p><p><b>version</b>: 1.1.0</p><p><b>name</b>: HL7® AT Core TestScript - Patient Search</p><p><b>title</b>: FHIR - Patient Search - JSON - using Name and Date of Birth</p><p><b>status</b>: active</p><p><b>date</b>: 2023-02-21</p><p><b>publisher</b>: AEGIS.net, Inc.</p><p><b>contact</b>: Technical Committee for FHIR® at HL7® Austria: <a href=\"mailto:mailto:tc-fhir@hl7.at\">mailto:tc-fhir@hl7.at</a></p><p><b>description</b>: FHIR AT Core tests a FHIR Client's ability to search for a patient where the search parameters are expected to be Name and Date of Birth. FHIR Client may use any patient name and birthdate values, but the script can provide an example patient: Andreas Bucher - HL7ATCorePatientExample04 with default values of 'Bucher' and '1961-12-24'. The FHIR server is expected to return a Bundle of one or more matching Patient resources in JSON format.</p><p><b>copyright</b>: This FHIR Test Script is licensed under Creative Commons (CC0) 'No Rights Reserved'. Learn more at https://creativecommons.org/licenses</p><h3>Origins</h3><table class=\"grid\"><tr><td style=\"display: none\">-</td><td><b>Index</b></td><td><b>Profile</b></td></tr><tr><td style=\"display: none\">*</td><td>1</td><td>FHIR Client (Details: http://terminology.hl7.org/CodeSystem/testscript-profile-origin-types code FHIR-Client = 'FHIR Client', stated as 'null')</td></tr></table><h3>Destinations</h3><table class=\"grid\"><tr><td style=\"display: none\">-</td><td><b>Index</b></td><td><b>Profile</b></td></tr><tr><td style=\"display: none\">*</td><td>1</td><td>FHIR Server (Details: http://terminology.hl7.org/CodeSystem/testscript-profile-destination-types code FHIR-Server = 'FHIR Server', stated as 'null')</td></tr></table><p><b>profile</b>: </p><ul><li><a href=\"http://hl7.org/fhir/StructureDefinition/Bundle\">http://hl7.org/fhir/StructureDefinition/Bundle</a> &quot;Bundle&quot;</li><li><a href=\"http://hl7.at/fhir/HL7ATCoreProfiles/4.0.1/StructureDefinition/at-core-patient\">http://hl7.at/fhir/HL7ATCoreProfiles/4.0.1/StructureDefinition/at-core-patient</a> &quot;HL7ATCorePatient&quot;</li></ul><blockquote><p><b>variable</b></p><p><b>name</b>: patientName</p><p><b>defaultValue</b>: Bucher</p><p><b>description</b>: Enter the patient Name value the FHIR Client will send to the FHIR Server.</p><p><b>hint</b>: [Name for Search]</p></blockquote><blockquote><p><b>variable</b></p><p><b>name</b>: patientBirthDate</p><p><b>defaultValue</b>: 1961-12-24</p><p><b>description</b>: Enter the patient Date of Birth value the FHIR Client will send to the FHIR Server.</p><p><b>hint</b>: [BirthDate for Search]</p></blockquote><blockquote><p><b>test</b></p><blockquote><p><b>id</b></p>Step1-SearchPatient</blockquote><p><b>name</b>: Step1-SearchPatient</p><p><b>description</b>: Search for a patient using parameters Name and Date of Birth, requestiong a response in JSON format.</p><blockquote><p><b>action</b></p><h3>Operations</h3><table class=\"grid\"><tr><td style=\"display: none\">-</td><td><b>Type</b></td><td><b>Resource</b></td><td><b>Description</b></td><td><b>Accept</b></td><td><b>ContentType</b></td><td><b>EncodeRequestUrl</b></td><td><b>Params</b></td></tr><tr><td style=\"display: none\">*</td><td>Search (Details: http://terminology.hl7.org/CodeSystem/testscript-operation-codes code search = 'Search', stated as 'null')</td><td>Patient</td><td>Search patient by Name and Birth Date.</td><td>json</td><td>json</td><td>true</td><td>?name=${patientName}&amp;birthdate=${patientBirthDate}</td></tr></table></blockquote><blockquote><p><b>action</b></p><h3>Asserts</h3><table class=\"grid\"><tr><td style=\"display: none\">-</td><td><b>Description</b></td><td><b>Direction</b></td><td><b>Response</b></td><td><b>WarningOnly</b></td></tr><tr><td style=\"display: none\">*</td><td>Confirm that the returned HTTP status is 200(OK).</td><td>response</td><td>okay</td><td>false</td></tr></table></blockquote><blockquote><p><b>action</b></p><h3>Asserts</h3><table class=\"grid\"><tr><td style=\"display: none\">-</td><td><b>Extension</b></td><td><b>Description</b></td><td><b>Direction</b></td><td><b>ContentType</b></td><td><b>WarningOnly</b></td></tr><tr><td style=\"display: none\">*</td><td/><td>Confirm that the returned format is JSON.</td><td>response</td><td>json</td><td>false</td></tr></table></blockquote><blockquote><p><b>action</b></p><h3>Asserts</h3><table class=\"grid\"><tr><td style=\"display: none\">-</td><td><b>Extension</b></td><td><b>Description</b></td><td><b>Direction</b></td><td><b>Resource</b></td><td><b>WarningOnly</b></td></tr><tr><td style=\"display: none\">*</td><td/><td>Confirm that the returned resource type is Bundle.</td><td>response</td><td>Bundle</td><td>false</td></tr></table></blockquote><blockquote><p><b>action</b></p><h3>Asserts</h3><table class=\"grid\"><tr><td style=\"display: none\">-</td><td><b>Extension</b></td><td><b>Description</b></td><td><b>Direction</b></td><td><b>Expression</b></td><td><b>WarningOnly</b></td></tr><tr><td style=\"display: none\">*</td><td/><td>Verify the Patient resource is found in the Bundle</td><td>response</td><td>Bundle.entry.resource.as(Patient).exists()</td><td>false</td></tr></table></blockquote><blockquote><p><b>action</b></p><h3>Asserts</h3><table class=\"grid\"><tr><td style=\"display: none\">-</td><td><b>Extension</b></td><td><b>Description</b></td><td><b>Direction</b></td><td><b>Path</b></td><td><b>Value</b></td><td><b>WarningOnly</b></td></tr><tr><td style=\"display: none\">*</td><td/><td>Confirm that the returned Bundle.type is searchset.</td><td>response</td><td>Bundle.type</td><td>searchset</td><td>false</td></tr></table></blockquote><blockquote><p><b>action</b></p><h3>Asserts</h3><table class=\"grid\"><tr><td style=\"display: none\">-</td><td><b>Extension</b></td><td><b>Description</b></td><td><b>Direction</b></td><td><b>ValidateProfileId</b></td><td><b>WarningOnly</b></td></tr><tr><td style=\"display: none\">*</td><td/><td>Validate that the returned resource conforms to the base FHIR Bundle profile.</td><td>response</td><td>bundle-profile</td><td>false</td></tr></table></blockquote><blockquote><p><b>action</b></p><h3>Asserts</h3><table class=\"grid\"><tr><td style=\"display: none\">-</td><td><b>Extension</b></td><td><b>Description</b></td><td><b>Direction</b></td><td><b>WarningOnly</b></td></tr><tr><td style=\"display: none\">*</td><td>, </td><td>Validate against AT Core profile</td><td>response</td><td>false</td></tr></table></blockquote><blockquote><p><b>action</b></p><h3>Asserts</h3><table class=\"grid\"><tr><td style=\"display: none\">-</td><td><b>Description</b></td><td><b>Direction</b></td><td><b>Expression</b></td><td><b>Operator</b></td><td><b>Value</b></td><td><b>WarningOnly</b></td></tr><tr><td style=\"display: none\">*</td><td>Verify at least one Patient is found in the Bundle</td><td>response</td><td>Bundle.entry.resource.count()</td><td>greaterThan</td><td>0</td><td>false</td></tr></table></blockquote><blockquote><p><b>action</b></p><h3>Asserts</h3><table class=\"grid\"><tr><td style=\"display: none\">-</td><td><b>Extension</b></td><td><b>Description</b></td><td><b>Direction</b></td><td><b>Expression</b></td><td><b>WarningOnly</b></td></tr><tr><td style=\"display: none\">*</td><td/><td>Confirm that bundle contains only patients that match the search criteria of name.</td><td>response</td><td>Bundle.entry.resource.select(name.descendants().select($this.lower().contains('${patientName}'.lower)).anyTrue()).allTrue()</td><td>false</td></tr></table></blockquote><blockquote><p><b>action</b></p><h3>Asserts</h3><table class=\"grid\"><tr><td style=\"display: none\">-</td><td><b>Description</b></td><td><b>Direction</b></td><td><b>Expression</b></td><td><b>WarningOnly</b></td></tr><tr><td style=\"display: none\">*</td><td>Confirm that bundle contains only patients that match the search criteria of birth date.</td><td>response</td><td>Bundle.entry.resource.select(birthDate = '${patientBirthDate}').allTrue()</td><td>false</td></tr></table></blockquote></blockquote></div>"},"extension":[{"extension":[{"url":"ruleId","valueId":"assert-by-path"},{"url":"path","valueString":"/FHIRCommon/_reference/rule/AssertValidateJSONExtractProfileId.groovy"},{"extension":[{"url":"name","valueString":"jsonPath"},{"url":"value","valueString":"$.entry[?(@.resource.resourceType == 'Patient')].resource"}],"url":"param"},{"extension":[{"url":"name","valueString":"profileId"},{"url":"value","valueString":"at-core-patient-profile"}],"url":"param"}],"url":"http://touchstone.aegis.net/touchstone/fhir/testing/StructureDefinition/testscript-rule"}],"url":"http://wildfhir4.aegis.net/fhir4-0-1/TestScript/at-core-patient-search1-json","version":"1.1.0","name":"HL7® AT Core TestScript - Patient Search","title":"FHIR - Patient Search - JSON - using Name and Date of Birth","status":"active","date":"2023-02-21","publisher":"AEGIS.net, Inc.","contact":[{"name":"Technical Committee for FHIR® at HL7® Austria","telecom":[{"system":"email","value":"mailto:tc-fhir@hl7.at"}]}],"description":"FHIR AT Core tests a FHIR Client's ability to search for a patient where the search parameters are expected to be Name and Date of Birth. FHIR Client may use any patient name and birthdate values, but the script can provide an example patient: Andreas Bucher - HL7ATCorePatientExample04 with default values of 'Bucher' and '1961-12-24'. The FHIR server is expected to return a Bundle of one or more matching Patient resources in JSON format.","copyright":"This FHIR Test Script is licensed under Creative Commons (CC0) 'No Rights Reserved'. Learn more at https://creativecommons.org/licenses","origin":[{"index":1,"profile":{"system":"http://terminology.hl7.org/CodeSystem/testscript-profile-origin-types","code":"FHIR-Client"}}],"destination":[{"index":1,"profile":{"system":"http://terminology.hl7.org/CodeSystem/testscript-profile-destination-types","code":"FHIR-Server"}}],"profile":[{"id":"bundle-profile","reference":"http://hl7.org/fhir/StructureDefinition/Bundle"},{"id":"at-core-patient-profile","reference":"http://hl7.at/fhir/HL7ATCoreProfiles/4.0.1/StructureDefinition/at-core-patient"}],"variable":[{"name":"patientName","defaultValue":"Bucher","description":"Enter the patient Name value the FHIR Client will send to the FHIR Server.","hint":"[Name for Search]"},{"name":"patientBirthDate","defaultValue":"1961-12-24","description":"Enter the patient Date of Birth value the FHIR Client will send to the FHIR Server.","hint":"[BirthDate for Search]"}],"test":[{"id":"Step1-SearchPatient","name":"Step1-SearchPatient","description":"Search for a patient using parameters Name and Date of Birth, requestiong a response in JSON format.","action":[{"operation":{"type":{"system":"http://terminology.hl7.org/CodeSystem/testscript-operation-codes","code":"search"},"resource":"Patient","description":"Search patient by Name and Birth Date.","accept":"json","contentType":"json","encodeRequestUrl":true,"params":"?name=${patientName}&birthdate=${patientBirthDate}"}},{"assert":{"description":"Confirm that the returned HTTP status is 200(OK).","direction":"response","response":"okay","warningOnly":false}},{"assert":{"extension":[{"url":"http://touchstone.aegis.net/touchstone/fhir/testing/StructureDefinition/testscript-assert-stopTestOnFail","valueBoolean":false}],"description":"Confirm that the returned format is JSON.","direction":"response","contentType":"json","warningOnly":false}},{"assert":{"extension":[{"url":"http://touchstone.aegis.net/touchstone/fhir/testing/StructureDefinition/testscript-assert-stopTestOnFail","valueBoolean":false}],"description":"Confirm that the returned resource type is Bundle.","direction":"response","resource":"Bundle","warningOnly":false}},{"assert":{"extension":[{"url":"http://touchstone.aegis.net/touchstone/fhir/testing/StructureDefinition/testscript-assert-stopTestOnFail","valueBoolean":false}],"description":"Verify the Patient resource is found in the Bundle","direction":"response","expression":"Bundle.entry.resource.as(Patient).exists()","warningOnly":false}},{"assert":{"extension":[{"url":"http://touchstone.aegis.net/touchstone/fhir/testing/StructureDefinition/testscript-assert-stopTestOnFail","valueBoolean":false}],"description":"Confirm that the returned Bundle.type is searchset.","direction":"response","path":"Bundle.type","value":"searchset","warningOnly":false}},{"assert":{"extension":[{"url":"http://touchstone.aegis.net/touchstone/fhir/testing/StructureDefinition/testscript-assert-stopTestOnFail","valueBoolean":false}],"description":"Validate that the returned resource conforms to the base FHIR Bundle profile.","direction":"response","validateProfileId":"bundle-profile","warningOnly":false}},{"assert":{"extension":[{"url":"http://touchstone.aegis.net/touchstone/fhir/testing/StructureDefinition/testscript-assert-stopTestOnFail","valueBoolean":false},{"extension":[{"url":"ruleId","valueId":"assert-by-path"}],"url":"http://touchstone.aegis.net/touchstone/fhir/testing/StructureDefinition/testscript-assert-rule"}],"description":"Validate against AT Core profile","direction":"response","warningOnly":false}},{"assert":{"description":"Verify at least one Patient is found in the Bundle","direction":"response","expression":"Bundle.entry.resource.count()","operator":"greaterThan","value":"0","warningOnly":false}},{"assert":{"extension":[{"url":"http://touchstone.aegis.net/touchstone/fhir/testing/StructureDefinition/testscript-assert-stopTestOnFail","valueBoolean":false}],"description":"Confirm that bundle contains only patients that match the search criteria of name.","direction":"response","expression":"Bundle.entry.resource.select(name.descendants().select($this.lower().contains('${patientName}'.lower)).anyTrue()).allTrue()","warningOnly":false}},{"assert":{"description":"Confirm that bundle contains only patients that match the search criteria of birth date.","direction":"response","expression":"Bundle.entry.resource.select(birthDate = '${patientBirthDate}').allTrue()","warningOnly":false}}]}]}