{"resourceType":"TestScript","id":"testscript-patient-interaction-at-core","text":{"status":"generated","div":"<div xmlns=\"http://www.w3.org/1999/xhtml\"><p><b>Generated Narrative: TestScript</b><a name=\"testscript-patient-interaction-at-core\"> </a></p><div style=\"display: inline-block; background-color: #d9e0e7; padding: 6px; margin: 4px; border: 1px solid #8da1b4; border-radius: 5px; line-height: 60%\"><p style=\"margin-bottom: 0px\">Resource TestScript &quot;testscript-patient-interaction-at-core&quot; </p></div><p><b>url</b>: <code>http://hl7.at/fhir/HL7ATCoreProfiles/4.0.1/TestScript/testscript-patient-interaction-at-core</code></p><p><b>version</b>: 1.1.0</p><p><b>name</b>: HL7® AT Core TestScript - Patient Create</p><p><b>title</b>: HL7® AT Core TestScript - Patient Create</p><p><b>status</b>: active</p><p><b>date</b>: 2023-02-21</p><p><b>publisher</b>: HL7® Austria</p><p><b>contact</b>: Technical Committee for FHIR® at HL7® Austria: <a href=\"mailto:mailto:tc-fhir@hl7.at\">mailto:tc-fhir@hl7.at</a></p><p><b>description</b>: TestScript creating a patient resource conformant to the AT Core Patient profile on a FHIR Server. FHIR Client may use any input patient resource, but the script can provide an example patient: Andreas Bucher - HL7ATCorePatientExample04. Expected Result:  Server accepts creation of Patient resource that is conformant to the AT Core Patient profile.</p><p><b>copyright</b>: This FHIR Test Script is licensed under Creative Commons (CC0) 'No Rights Reserved'. Learn more at https://creativecommons.org/licenses</p><h3>Origins</h3><table class=\"grid\"><tr><td style=\"display: none\">-</td><td><b>Index</b></td><td><b>Profile</b></td></tr><tr><td style=\"display: none\">*</td><td>1</td><td>FHIR Client (Details: http://terminology.hl7.org/CodeSystem/testscript-profile-origin-types code FHIR-Client = 'FHIR Client', stated as 'null')</td></tr></table><h3>Destinations</h3><table class=\"grid\"><tr><td style=\"display: none\">-</td><td><b>Index</b></td><td><b>Profile</b></td></tr><tr><td style=\"display: none\">*</td><td>1</td><td>FHIR Server (Details: http://terminology.hl7.org/CodeSystem/testscript-profile-destination-types code FHIR-Server = 'FHIR Server', stated as 'null')</td></tr></table><blockquote><p><b>fixture</b></p><blockquote><p><b>id</b></p>patient-create</blockquote><p><b>autocreate</b>: false</p><p><b>autodelete</b>: false</p><p><b>resource</b>: <a href=\"_reference/resources/patientAndreasBucher.json\">_reference/resources/patientAndreasBucher.json</a></p></blockquote><blockquote><p><b>fixture</b></p><blockquote><p><b>id</b></p>patient-update</blockquote><p><b>autocreate</b>: false</p><p><b>autodelete</b>: false</p><p><b>resource</b>: <a href=\"_reference/resources/patientAndreasBucher-updated.json\">_reference/resources/patientAndreasBucher-updated.json</a></p></blockquote><p><b>profile</b>: <a href=\"http://hl7.at/fhir/HL7ATCoreProfiles/4.0.1/StructureDefinition/at-core-patient\">http://hl7.at/fhir/HL7ATCoreProfiles/4.0.1/StructureDefinition/at-core-patient</a> &quot;HL7ATCorePatient&quot;</p><h3>Variables</h3><table class=\"grid\"><tr><td style=\"display: none\">-</td><td><b>Name</b></td><td><b>Path</b></td><td><b>SourceId</b></td></tr><tr><td style=\"display: none\">*</td><td>v1</td><td>Patient/id</td><td>patient-create</td></tr></table><blockquote><p><b>test</b></p><blockquote><p><b>id</b></p>PatientUpdate</blockquote><p><b>name</b>: PatientUpdate</p><p><b>description</b>: Create a new patient conformant to the AT Core Patient profile, the server assigns the resource id using JSON.</p><blockquote><p><b>action</b></p><h3>Operations</h3><table class=\"grid\"><tr><td style=\"display: none\">-</td><td><b>Type</b></td><td><b>Resource</b></td><td><b>Description</b></td><td><b>Accept</b></td><td><b>ContentType</b></td><td><b>Destination</b></td><td><b>EncodeRequestUrl</b></td><td><b>Origin</b></td><td><b>ResponseId</b></td><td><b>SourceId</b></td></tr><tr><td style=\"display: none\">*</td><td>Create (Details: http://terminology.hl7.org/CodeSystem/testscript-operation-codes code create = 'Create', stated as 'null')</td><td>Patient</td><td>Create patient with server assigned resource id.</td><td>json</td><td>json</td><td>1</td><td>true</td><td>1</td><td>create-response</td><td>patient-create</td></tr></table></blockquote><blockquote><p><b>action</b></p><h3>Asserts</h3><table class=\"grid\"><tr><td style=\"display: none\">-</td><td><b>Description</b></td><td><b>Direction</b></td><td><b>ValidateProfileId</b></td><td><b>WarningOnly</b></td></tr><tr><td style=\"display: none\">*</td><td>Validate that the returned resource conforms to the base FHIR Patient profile.</td><td>request</td><td>at-core-patient-profile</td><td>false</td></tr></table></blockquote><blockquote><p><b>action</b></p><h3>Asserts</h3><table class=\"grid\"><tr><td style=\"display: none\">-</td><td><b>Description</b></td><td><b>Direction</b></td><td><b>Operator</b></td><td><b>ResponseCode</b></td><td><b>WarningOnly</b></td></tr><tr><td style=\"display: none\">*</td><td>Confirm that the returned HTTP status is 200(OK) or 201(Created).</td><td>response</td><td>in</td><td>200,201</td><td>false</td></tr></table></blockquote><blockquote><p><b>action</b></p><h3>Operations</h3><table class=\"grid\"><tr><td style=\"display: none\">-</td><td><b>Type</b></td><td><b>Resource</b></td><td><b>Description</b></td><td><b>Accept</b></td><td><b>ContentType</b></td><td><b>Destination</b></td><td><b>EncodeRequestUrl</b></td><td><b>Origin</b></td><td><b>ResponseId</b></td><td><b>TargetId</b></td></tr><tr><td style=\"display: none\">*</td><td>Read (Details: http://terminology.hl7.org/CodeSystem/testscript-operation-codes code read = 'Read', stated as 'null')</td><td>Patient</td><td>Read patient with server assigned resource id from previous test.</td><td>json</td><td>json</td><td>1</td><td>true</td><td>1</td><td>search-response</td><td>create-response</td></tr></table></blockquote><blockquote><p><b>action</b></p><h3>Asserts</h3><table class=\"grid\"><tr><td style=\"display: none\">-</td><td><b>Description</b></td><td><b>Direction</b></td><td><b>Operator</b></td><td><b>ResponseCode</b></td><td><b>WarningOnly</b></td></tr><tr><td style=\"display: none\">*</td><td>Confirm that the returned HTTP status is 200(OK) or 201(Created).</td><td>response</td><td>in</td><td>200,201</td><td>false</td></tr></table></blockquote><blockquote><p><b>action</b></p><h3>Operations</h3><table class=\"grid\"><tr><td style=\"display: none\">-</td><td><b>Type</b></td><td><b>Resource</b></td><td><b>Description</b></td><td><b>Accept</b></td><td><b>ContentType</b></td><td><b>Destination</b></td><td><b>EncodeRequestUrl</b></td><td><b>Origin</b></td><td><b>RequestId</b></td><td><b>ResponseId</b></td><td><b>SourceId</b></td><td><b>TargetId</b></td></tr><tr><td style=\"display: none\">*</td><td>Update (Details: http://terminology.hl7.org/CodeSystem/testscript-operation-codes code update = 'Update', stated as 'null')</td><td>Patient</td><td>Update patient with server assigned resource id from previous test.</td><td>json</td><td>json</td><td>1</td><td>true</td><td>1</td><td>v1</td><td>update-response</td><td>patient-update</td><td>search-response</td></tr></table></blockquote><blockquote><p><b>action</b></p><h3>Asserts</h3><table class=\"grid\"><tr><td style=\"display: none\">-</td><td><b>Description</b></td><td><b>Direction</b></td><td><b>ValidateProfileId</b></td><td><b>WarningOnly</b></td></tr><tr><td style=\"display: none\">*</td><td>Validate that the returned resource conforms to the base FHIR Patient profile.</td><td>request</td><td>at-core-patient-profile</td><td>false</td></tr></table></blockquote><blockquote><p><b>action</b></p><h3>Asserts</h3><table class=\"grid\"><tr><td style=\"display: none\">-</td><td><b>Description</b></td><td><b>Direction</b></td><td><b>Operator</b></td><td><b>ResponseCode</b></td><td><b>WarningOnly</b></td></tr><tr><td style=\"display: none\">*</td><td>Confirm that the returned HTTP status is 200(OK) or 201(Created).</td><td>response</td><td>in</td><td>200,201</td><td>false</td></tr></table></blockquote><blockquote><p><b>action</b></p><h3>Operations</h3><table class=\"grid\"><tr><td style=\"display: none\">-</td><td><b>Type</b></td><td><b>Resource</b></td><td><b>Description</b></td><td><b>Accept</b></td><td><b>ContentType</b></td><td><b>Destination</b></td><td><b>EncodeRequestUrl</b></td><td><b>Origin</b></td><td><b>ResponseId</b></td><td><b>TargetId</b></td></tr><tr><td style=\"display: none\">*</td><td>Read (Details: http://terminology.hl7.org/CodeSystem/testscript-operation-codes code read = 'Read', stated as 'null')</td><td>Patient</td><td>Read patient with server assigned resource id from previous test.</td><td>json</td><td>json</td><td>1</td><td>true</td><td>1</td><td>search-response</td><td>v1</td></tr></table></blockquote><blockquote><p><b>action</b></p><h3>Asserts</h3><table class=\"grid\"><tr><td style=\"display: none\">-</td><td><b>Description</b></td><td><b>Direction</b></td><td><b>Operator</b></td><td><b>ResponseCode</b></td><td><b>WarningOnly</b></td></tr><tr><td style=\"display: none\">*</td><td>Confirm that the returned HTTP status is 200(OK) or 201(Created).</td><td>response</td><td>in</td><td>200,201</td><td>false</td></tr></table></blockquote></blockquote><blockquote><p><b>teardown</b></p><blockquote><p><b>action</b></p><h3>Operations</h3><table class=\"grid\"><tr><td style=\"display: none\">-</td><td><b>Type</b></td><td><b>EncodeRequestUrl</b></td><td><b>TargetId</b></td></tr><tr><td style=\"display: none\">*</td><td>Delete (Details: http://terminology.hl7.org/CodeSystem/testscript-operation-codes code delete = 'Delete', stated as 'null')</td><td>true</td><td>search-response</td></tr></table></blockquote></blockquote></div>"},"url":"http://hl7.at/fhir/HL7ATCoreProfiles/4.0.1/TestScript/testscript-patient-interaction-at-core","version":"1.1.0","name":"HL7® AT Core TestScript - Patient Create","title":"HL7® AT Core TestScript - Patient Create","status":"active","date":"2023-02-21","publisher":"HL7® Austria","contact":[{"name":"Technical Committee for FHIR® at HL7® Austria","telecom":[{"system":"email","value":"mailto:tc-fhir@hl7.at"}]}],"description":"TestScript creating a patient resource conformant to the AT Core Patient profile on a FHIR Server. FHIR Client may use any input patient resource, but the script can provide an example patient: Andreas Bucher - HL7ATCorePatientExample04. Expected Result:  Server accepts creation of Patient resource that is conformant to the AT Core Patient profile.","copyright":"This FHIR Test Script is licensed under Creative Commons (CC0) 'No Rights Reserved'. Learn more at https://creativecommons.org/licenses","origin":[{"index":1,"profile":{"system":"http://terminology.hl7.org/CodeSystem/testscript-profile-origin-types","code":"FHIR-Client"}}],"destination":[{"index":1,"profile":{"system":"http://terminology.hl7.org/CodeSystem/testscript-profile-destination-types","code":"FHIR-Server"}}],"fixture":[{"id":"patient-create","autocreate":false,"autodelete":false,"resource":{"reference":"_reference/resources/patientAndreasBucher.json"}},{"id":"patient-update","autocreate":false,"autodelete":false,"resource":{"reference":"_reference/resources/patientAndreasBucher-updated.json"}}],"profile":[{"id":"at-core-patient-profile","reference":"http://hl7.at/fhir/HL7ATCoreProfiles/4.0.1/StructureDefinition/at-core-patient"}],"variable":[{"name":"v1","path":"Patient/id","sourceId":"patient-create"}],"test":[{"id":"PatientUpdate","name":"PatientUpdate","description":"Create a new patient conformant to the AT Core Patient profile, the server assigns the resource id using JSON.","action":[{"operation":{"type":{"system":"http://terminology.hl7.org/CodeSystem/testscript-operation-codes","code":"create"},"resource":"Patient","description":"Create patient with server assigned resource id.","accept":"json","contentType":"json","destination":1,"encodeRequestUrl":true,"origin":1,"responseId":"create-response","sourceId":"patient-create"}},{"assert":{"description":"Validate that the returned resource conforms to the base FHIR Patient profile.","direction":"request","validateProfileId":"at-core-patient-profile","warningOnly":false}},{"assert":{"description":"Confirm that the returned HTTP status is 200(OK) or 201(Created).","direction":"response","operator":"in","responseCode":"200,201","warningOnly":false}},{"operation":{"type":{"system":"http://terminology.hl7.org/CodeSystem/testscript-operation-codes","code":"read"},"resource":"Patient","description":"Read patient with server assigned resource id from previous test.","accept":"json","contentType":"json","destination":1,"encodeRequestUrl":true,"origin":1,"responseId":"search-response","targetId":"create-response"}},{"assert":{"description":"Confirm that the returned HTTP status is 200(OK) or 201(Created).","direction":"response","operator":"in","responseCode":"200,201","warningOnly":false}},{"operation":{"type":{"system":"http://terminology.hl7.org/CodeSystem/testscript-operation-codes","code":"update"},"resource":"Patient","description":"Update patient with server assigned resource id from previous test.","accept":"json","contentType":"json","destination":1,"encodeRequestUrl":true,"origin":1,"requestId":"v1","responseId":"update-response","sourceId":"patient-update","targetId":"search-response"}},{"assert":{"description":"Validate that the returned resource conforms to the base FHIR Patient profile.","direction":"request","validateProfileId":"at-core-patient-profile","warningOnly":false}},{"assert":{"description":"Confirm that the returned HTTP status is 200(OK) or 201(Created).","direction":"response","operator":"in","responseCode":"200,201","warningOnly":false}},{"operation":{"type":{"system":"http://terminology.hl7.org/CodeSystem/testscript-operation-codes","code":"read"},"resource":"Patient","description":"Read patient with server assigned resource id from previous test.","accept":"json","contentType":"json","destination":1,"encodeRequestUrl":true,"origin":1,"responseId":"search-response","targetId":"v1"}},{"assert":{"description":"Confirm that the returned HTTP status is 200(OK) or 201(Created).","direction":"response","operator":"in","responseCode":"200,201","warningOnly":false}}]}],"teardown":{"action":[{"operation":{"type":{"system":"http://terminology.hl7.org/CodeSystem/testscript-operation-codes","code":"delete"},"encodeRequestUrl":true,"targetId":"search-response"}}]}}